<?xml version='1.1' encoding='UTF-8'?>
<org.jvnet.hudson.plugins.thinbackup.backup.PluginList plugin="thinBackup@1.18">
  <plugins>
    <entry>
      <string>mina-sshd-api-core</string>
      <string>2.11.0-86.v836f585d47fa_</string>
    </entry>
    <entry>
      <string>github-branch-source</string>
      <string>1741.va_3028eb_9fd21</string>
    </entry>
    <entry>
      <string>snakeyaml-api</string>
      <string>2.2-111.vc6598e30cc65</string>
    </entry>
    <entry>
      <string>pipeline-github-lib</string>
      <string>42.v0739460cda_c4</string>
    </entry>
    <entry>
      <string>workflow-multibranch</string>
      <string>756.v891d88f2cd46</string>
    </entry>
    <entry>
      <string>docker-workflow</string>
      <string>572.v950f58993843</string>
    </entry>
    <entry>
      <string>maven-plugin</string>
      <string>3.23</string>
    </entry>
    <entry>
      <string>pipeline-stage-tags-metadata</string>
      <string>2.2150.v4cfd8916915c</string>
    </entry>
    <entry>
      <string>javax-activation-api</string>
      <string>1.2.0-6</string>
    </entry>
    <entry>
      <string>git-client</string>
      <string>4.5.0</string>
    </entry>
    <entry>
      <string>scm-api</string>
      <string>676.v886669a_199a_a_</string>
    </entry>
    <entry>
      <string>pipeline-stage-step</string>
      <string>305.ve96d0205c1c6</string>
    </entry>
    <entry>
      <string>email-ext</string>
      <string>2.102</string>
    </entry>
    <entry>
      <string>github</string>
      <string>1.37.3.1</string>
    </entry>
    <entry>
      <string>build-timeout</string>
      <string>1.31</string>
    </entry>
    <entry>
      <string>mailer</string>
      <string>463.vedf8358e006b_</string>
    </entry>
    <entry>
      <string>aws-java-sdk-minimal</string>
      <string>1.12.529-406.vdeff15e5817d</string>
    </entry>
    <entry>
      <string>jackson2-api</string>
      <string>2.15.3-366.vfe8d1fa_f8c87</string>
    </entry>
    <entry>
      <string>workflow-scm-step</string>
      <string>415.v434365564324</string>
    </entry>
    <entry>
      <string>jakarta-mail-api</string>
      <string>2.0.1-3</string>
    </entry>
    <entry>
      <string>ws-cleanup</string>
      <string>0.45</string>
    </entry>
    <entry>
      <string>token-macro</string>
      <string>384.vf35b_f26814ec</string>
    </entry>
    <entry>
      <string>thinBackup</string>
      <string>1.18</string>
    </entry>
    <entry>
      <string>okhttp-api</string>
      <string>4.11.0-157.v6852a_a_fa_ec11</string>
    </entry>
    <entry>
      <string>cloud-stats</string>
      <string>320.v96b_65297a_4b_b_</string>
    </entry>
    <entry>
      <string>pipeline-stage-view</string>
      <string>2.34</string>
    </entry>
    <entry>
      <string>pipeline-build-step</string>
      <string>516.v8ee60a_81c5b_9</string>
    </entry>
    <entry>
      <string>pipeline-model-definition</string>
      <string>2.2150.v4cfd8916915c</string>
    </entry>
    <entry>
      <string>instance-identity</string>
      <string>185.v303dc7c645f9</string>
    </entry>
    <entry>
      <string>resource-disposer</string>
      <string>0.23</string>
    </entry>
    <entry>
      <string>bouncycastle-api</string>
      <string>2.29</string>
    </entry>
    <entry>
      <string>jaxb</string>
      <string>2.3.9-1</string>
    </entry>
    <entry>
      <string>pam-auth</string>
      <string>1.10</string>
    </entry>
    <entry>
      <string>javadoc</string>
      <string>243.vb_b_503b_b_45537</string>
    </entry>
    <entry>
      <string>docker-commons</string>
      <string>439.va_3cb_0a_6a_fb_29</string>
    </entry>
    <entry>
      <string>workflow-durable-task-step</string>
      <string>1289.v4d3e7b_01546b_</string>
    </entry>
    <entry>
      <string>ssh-credentials</string>
      <string>308.ve4497b_ccd8f4</string>
    </entry>
    <entry>
      <string>workflow-job</string>
      <string>1360.vc6700e3136f5</string>
    </entry>
    <entry>
      <string>authorize-project</string>
      <string>1.7.1</string>
    </entry>
    <entry>
      <string>workflow-basic-steps</string>
      <string>1042.ve7b_140c4a_e0c</string>
    </entry>
    <entry>
      <string>jsch</string>
      <string>0.2.8-65.v052c39de79b_2</string>
    </entry>
    <entry>
      <string>github-api</string>
      <string>1.316-451.v15738eef3414</string>
    </entry>
    <entry>
      <string>echarts-api</string>
      <string>5.4.0-7</string>
    </entry>
    <entry>
      <string>apache-httpcomponents-client-5-api</string>
      <string>5.2.1-1.1</string>
    </entry>
    <entry>
      <string>workflow-cps</string>
      <string>3806.va_3a_6988277b_2</string>
    </entry>
    <entry>
      <string>sshd</string>
      <string>3.312.v1c601b_c83b_0e</string>
    </entry>
    <entry>
      <string>matrix-auth</string>
      <string>3.2.1</string>
    </entry>
    <entry>
      <string>gradle</string>
      <string>2.9</string>
    </entry>
    <entry>
      <string>jjwt-api</string>
      <string>0.11.5-77.v646c772fddb_0</string>
    </entry>
    <entry>
      <string>ionicons-api</string>
      <string>56.v1b_1c8c49374e</string>
    </entry>
    <entry>
      <string>script-security</string>
      <string>1275.v23895f409fb_d</string>
    </entry>
    <entry>
      <string>Hudson core</string>
      <string>2.414.3</string>
    </entry>
    <entry>
      <string>role-strategy</string>
      <string>689.v731678c3e0eb_</string>
    </entry>
    <entry>
      <string>pipeline-milestone-step</string>
      <string>111.v449306f708b_7</string>
    </entry>
    <entry>
      <string>jakarta-activation-api</string>
      <string>2.0.1-3</string>
    </entry>
    <entry>
      <string>trilead-api</string>
      <string>2.84.v72119de229b_7</string>
    </entry>
    <entry>
      <string>commons-text-api</string>
      <string>1.11.0-94.v3e1f4a_926e49</string>
    </entry>
    <entry>
      <string>javax-mail-api</string>
      <string>1.6.2-9</string>
    </entry>
    <entry>
      <string>ldap</string>
      <string>711.vb_d1a_491714dc</string>
    </entry>
    <entry>
      <string>plugin-util-api</string>
      <string>3.6.0</string>
    </entry>
    <entry>
      <string>variant</string>
      <string>60.v7290fc0eb_b_cd</string>
    </entry>
    <entry>
      <string>font-awesome-api</string>
      <string>6.4.2-1</string>
    </entry>
    <entry>
      <string>pipeline-model-extensions</string>
      <string>2.2150.v4cfd8916915c</string>
    </entry>
    <entry>
      <string>pipeline-groovy-lib</string>
      <string>689.veec561a_dee13</string>
    </entry>
    <entry>
      <string>aws-credentials</string>
      <string>218.v1b_e9466ec5da_</string>
    </entry>
    <entry>
      <string>workflow-support</string>
      <string>865.v43e78cc44e0d</string>
    </entry>
    <entry>
      <string>checks-api</string>
      <string>2.0.2</string>
    </entry>
    <entry>
      <string>antisamy-markup-formatter</string>
      <string>162.v0e6ec0fcfcf6</string>
    </entry>
    <entry>
      <string>pipeline-rest-api</string>
      <string>2.34</string>
    </entry>
    <entry>
      <string>pipeline-model-api</string>
      <string>2.2150.v4cfd8916915c</string>
    </entry>
    <entry>
      <string>pipeline-input-step</string>
      <string>477.v339683a_8d55e</string>
    </entry>
    <entry>
      <string>jquery3-api</string>
      <string>3.7.1-1</string>
    </entry>
    <entry>
      <string>ssh-agent</string>
      <string>346.vda_a_c4f2c8e50</string>
    </entry>
    <entry>
      <string>credentials-binding</string>
      <string>642.v737c34dea_6c2</string>
    </entry>
    <entry>
      <string>workflow-aggregator</string>
      <string>596.v8c21c963d92d</string>
    </entry>
    <entry>
      <string>credentials</string>
      <string>1307.v3757c78f17c3</string>
    </entry>
    <entry>
      <string>docker-build-step</string>
      <string>2.10</string>
    </entry>
    <entry>
      <string>mina-sshd-api-common</string>
      <string>2.11.0-86.v836f585d47fa_</string>
    </entry>
    <entry>
      <string>caffeine-api</string>
      <string>3.1.8-133.v17b_1ff2e0599</string>
    </entry>
    <entry>
      <string>golang</string>
      <string>1.4</string>
    </entry>
    <entry>
      <string>workflow-step-api</string>
      <string>639.v6eca_cd8c04a_a_</string>
    </entry>
    <entry>
      <string>plain-credentials</string>
      <string>143.v1b_df8b_d3b_e48</string>
    </entry>
    <entry>
      <string>matrix-project</string>
      <string>818.v7eb_e657db_924</string>
    </entry>
    <entry>
      <string>git</string>
      <string>5.2.0</string>
    </entry>
    <entry>
      <string>bootstrap5-api</string>
      <string>5.3.2-2</string>
    </entry>
    <entry>
      <string>authentication-tokens</string>
      <string>1.53.v1c90fd9191a_b_</string>
    </entry>
    <entry>
      <string>cloudbees-folder</string>
      <string>6.858.v898218f3609d</string>
    </entry>
    <entry>
      <string>durable-task</string>
      <string>523.va_a_22cf15d5e0</string>
    </entry>
    <entry>
      <string>docker-plugin</string>
      <string>1.5</string>
    </entry>
    <entry>
      <string>timestamper</string>
      <string>1.26</string>
    </entry>
    <entry>
      <string>pipeline-graph-analysis</string>
      <string>202.va_d268e64deb_3</string>
    </entry>
    <entry>
      <string>junit</string>
      <string>1240.vf9529b_881428</string>
    </entry>
    <entry>
      <string>ssh-steps</string>
      <string>2.0.68.va_d21a_12a_6476</string>
    </entry>
    <entry>
      <string>apache-httpcomponents-client-4-api</string>
      <string>4.5.14-208.v438351942757</string>
    </entry>
    <entry>
      <string>structs</string>
      <string>325.vcb_307d2a_2782</string>
    </entry>
    <entry>
      <string>ant</string>
      <string>497.v94e7d9fffa_b_9</string>
    </entry>
    <entry>
      <string>ssh-slaves</string>
      <string>2.916.vd17b_43357ce4</string>
    </entry>
    <entry>
      <string>aws-java-sdk-ec2</string>
      <string>1.12.529-406.vdeff15e5817d</string>
    </entry>
    <entry>
      <string>commons-lang3-api</string>
      <string>3.13.0-62.v7d18e55f51e2</string>
    </entry>
    <entry>
      <string>display-url-api</string>
      <string>2.200.vb_9327d658781</string>
    </entry>
    <entry>
      <string>branch-api</string>
      <string>2.1128.v717130d4f816</string>
    </entry>
    <entry>
      <string>workflow-api</string>
      <string>1283.v99c10937efcb_</string>
    </entry>
    <entry>
      <string>docker-java-api</string>
      <string>3.3.1-79.v20b_53427e041</string>
    </entry>
  </plugins>
  <pluginsXml>/home/timeline/Jenkins/thin_backup/FULL-2023-11-03_20-44/installedPlugins.xml</pluginsXml>
</org.jvnet.hudson.plugins.thinbackup.backup.PluginList>